method,selected_rank,rmse,correlation,R2,runtime_sec
PLS,5,0.61180473302816,0.60131259634605,0.353050977360317,29.700548
