method,selected_rank,rmse,correlation,R2,runtime_sec
PLS,5,3.63122066654091,0.57328216518597,0.326218377446423,29.1820269
