method,selected_rank,rmse,correlation,R2,runtime_sec
PCR,5,0.692645106407124,0.417093399618106,0.170787315850265,21.2294943
