method,selected_rank,rmse,correlation,R2,runtime_sec
PCR,5,4.26554644532261,0.287444082297103,0.0702563332248032,19.650362
